"Id","Regiao","Prima","CustoProduto","Pmaquinabase","Pmaquina1","Pmaquina2","Pmaquina3","Cmaquina1","Cmaquina2","Cmaquina3","Resposta"
947,"554",3145,90594,847.9,3081.66,3145.16,3304.89,890.961423584174,847.9,830.781109387122,0
3310,"559",1561,40509,832.03,1479.22,1608.18,1671.93,865.012571913592,832.03,765.309490604286,0
1557,"554",1789,20715,827.24,1346.38,1607.95,1782.37,916.973636493672,827.24,692.670413383501,0
708,"554",1830,37510,1724.4,3429.77,3896.61,4120.15,1823.32505947477,1724.4,1517.80532000893,0
2363,"560",2296,23547,1165,1696.53,1859.15,2061.26,1291.64828012802,1165,1063.09735631875,0
1562,"559",1688,24272,768.87,1226.09,1298.4,1392.69,824.705453096118,768.87,726.050383780037,0
18,"553",2035,28137,773.06,1563.98,1413.85,1561.73,853.917313576405,773.06,855.147560773774,1
2905,"560",2901,66482,2019.93,2802.99,3176.59,3292.71,2093.7683838015,2019.93,1782.36523778643,0
3310,"554",1294,31963,509.03,1170.05,1242.63,1332.46,545.827892292959,509.03,479.298384474864,0
3310,"553",1728,33317,725.17,1213.65,1296.2,1430.87,800.5122650054,725.17,678.986707683999,0
3310,"558",11354,119219,946.79,1943.44,2026.71,2026.74,946.804014683897,946.79,907.889909064444,0
3076,"552",5094,42319,1809.51,2716.91,3532.15,3748.56,1920.37620304913,1809.51,1391.86495876449,0
3310,"556",2901,71171,1129.94,2079.33,2829.43,2990.18,1194.1359175523,1129.94,830.385674923925,0
976,"557",2651,76300,1681.91,4465.14,6072.14,6405.05,1774.12207977748,1681.91,1236.79026132467,0
4084,"560",1740,27853,1192.39,2048.23,1685.15,1961.09,1387.64151861852,1192.39,1449.30063774738,3
1815,"553",3809,26544,1178.29,1896.95,2362.23,2643.44,1318.55869987258,1178.29,946.206430152864,0
2058,"556",2057,77354,3056.16,3449.99,3574.82,3704.15,3166.7258950101,3056.16,2949.44121337578,0
2617,"558",1196,66427,1226.13,2002.16,2236.98,2297.55,1259.32953423812,1226.13,1097.42082665022,0
2987,"556",1842,34637,742.7,1166.7,1277.81,1344.85,781.665580172326,742.7,678.119665677996,0
1146,"558",2940,29465,1757.12,2420.42,3191.98,3499.6,1926.45854673275,1757.12,1332.39192927274,0
968,"558",1669,34087,2396.63,3206.41,3911.36,4180.77,2561.70713130471,2396.63,1964.68195162296,0
3534,"559",1382,16640,889.58,1458.19,1537,1694.5,980.737351984385,889.58,843.966597397528,0
3412,"558",1582,17736,775.19,863.64,915.16,1037.7,878.988005376109,775.19,731.549774465667,0
3965,"554",2901,70545,1112.4,1378.03,1297.41,1330.89,1141.1057691863,1112.4,1181.5236293847,2
3324,"554",1830,34263,838.34,2503.6,2791.09,2943.16,884.016192383621,838.34,751.988658194469,0
3502,"555",1833,44942,1340.77,2855.9,3589.08,3895.73,1455.32501702386,1340.77,1066.87648171676,0
2839,"555",1773,24299,1198.54,1614.27,1977.25,2219.64,1345.46836545707,1198.54,978.514181717031,0
3347,"556",1747,33309,758.54,1548.26,1334.14,1400.17,796.082084189066,758.54,880.280285727135,0
3733,"553",2195,17455,999.02,1514.98,1661.82,1831.46,1101.00081188095,999.02,910.745640081357,0
3769,"554",1852,33626,757.08,1189.53,1432.98,1561.56,825.012104007034,757.08,628.459135786961,2
2218,"553",1529,16256,370.55,786.85,781.73,802.01,380.16297890576,370.55,372.976945364768,0
1402,"556",1688,40237,1031.77,1564.06,1754.8,1852.93,1089.4675097447,1031.77,919.62057567814,0
2942,"560",1854,40266,1799.62,2755,3278.58,3529,1937.07610611911,1799.62,1512.22575017233,0
2161,"556",5219,54999,1753.57,3203.05,4259.44,4567.43,1880.36648599346,1753.57,1318.66451657964,0
3411,"554",5435,85578,1775.57,3720.69,5020.43,5223.63,1847.43552227598,1775.57,1315.89237242627,0
3987,"559",2057,71783,1246.61,1387.75,1348.88,1386.14,1281.04500429986,1246.61,1282.53293658443,2
42,"554",1728,31989,789.17,1420.87,1431.4,1538.76,848.360506636859,789.17,783.364522774906,1
2068,"558",3240,70637,1796.57,2476.29,2978.48,3200.81,1930.67578822084,1796.57,1493.65727663103,0
2966,"554",1669,19000,572.45,1088.4,1124.94,1244.41,633.244888171814,572.45,553.855832311057,0
3310,"552",2296,29190,1431.64,1598.12,1805.08,1914.25,1518.22460500366,1431.64,1267.49646375784,0
1634,"556",1833,36560,1131.92,1547.48,1736.75,1839.41,1198.82825231035,1131.92,1008.56401992227,0
2792,"553",3792,27440,1032.05,1696.78,2026.52,2232.54,1136.9702282731,1032.05,864.122633381363,0
2547,"552",1719,21362,1120.75,1844.93,2204.14,2497.77,1270.05350272669,1120.75,938.100709346956,0
2523,"556",2186,71849,1515.24,2243.25,2579.17,2823.09,1658.54088392778,1515.24,1317.8899141972,0
3306,"558",2880,57910,2379.94,2181.78,2750.56,2903.74,2512.47999520098,2379.94,1887.79939110581,0
3310,"554",1443,19715,823.41,1432.97,1495.9,1674.53,921.735909686476,823.41,788.77052456715,0
752,"555",1721,50210,706.76,1253,1054.48,1104.45,740.252145133146,706.76,839.817047265003,0
4024,"554",2113,30054,630.66,1042.51,932.2,1027.04,694.821976399914,630.66,705.287874490453,2
623,"558",2692,31836,1268.87,2031.92,2325.36,2467.36,1346.3545787319,1268.87,1108.74975504868,0
748,"557",1728,31989,685.86,1185.25,1261.37,1349.75,733.915928712432,685.86,644.470349699137,0
3519,"559",1852,31042,796.65,1304.56,1431.42,1550,862.645135599614,796.65,726.046669740537,0
3310,"558",1862,48601,1396.64,1865.49,2007.55,2169.27,1509.14759423178,1396.64,1297.80974501258,0
3310,"556",2880,48281,964.41,1245.39,1342.09,1386.64,996.423103070584,964.41,894.92252375027,0
3310,"558",2352,31414,986.35,1606.25,1935.54,1935.54,986.35,986.35,818.544017431828,0
3310,"558",2516,76160,795.83,1368.08,1444.99,1553.74,855.724194769514,795.83,753.471723956567,0
3396,"553",2501,51689,1995.77,3068.09,3796.41,4033.7,2120.51318192714,1995.77,1612.89270107812,0
119,"559",3467,35908,1130.72,1938.07,2247.3,2477.54,1246.56433444578,1130.72,975.132163218084,1
2338,"554",2296,18810,1730.59,3120.08,3913.38,4189.45,1852.67474037788,1730.59,1379.77381373646,0
1728,"552",2880,65969,1513.12,3386.61,4578.65,4866,1608.08140390727,1513.12,1119.183017527,0
2800,"553",1654,18991,1063.04,2055.86,2701.89,3016.49,1186.81720188461,1063.04,808.863948717379,0
1344,"556",3451,30342,1382.2,2086.82,2671.51,2817.43,1457.6968628229,1382.2,1079.68998955647,0
3310,"553",4088,144199,2148.13,2815.41,3536.32,3841.75,2333.66279847412,2148.13,1710.21476656524,0
4123,"553",2057,75961,1226.38,2507.59,2187.86,2296.06,1287.03027744006,1226.38,1405.60100929676,3
3688,"554",5268,57619,1661.54,2697.28,3736.24,3857.56,1715.49211035694,1661.54,1199.50501338244,0
1601,"554",1688,31335,1252.12,4322.28,4681.81,4851.86,1297.59877978816,1252.12,1155.9660117775,0
3649,"552",2462,41429,605.7,1066.39,1091.1,1196.29,664.093898817707,605.7,591.982790761617,0
1874,"558",5915,152133,965.63,2908.63,3131.42,3236.05,997.894553110091,965.63,896.928673541077,0
3310,"555",2516,84055,484.28,2129.91,1980.55,2233.49,546.128366968771,484.28,520.801199060867,0
2558,"553",1508,31738,521.51,972.34,884.22,982.91,579.717032073466,521.51,573.482881409604,0
3310,"557",1817,41572,733.64,1156.43,1229.73,1302.96,777.328010538899,733.64,689.910228424126,0
1054,"556",1746,48297,717.42,1477.9,1184.51,1252.97,758.884042684317,717.42,895.116983393977,0
3268,"557",1453,58887,920.32,1311.66,1300.34,1409.63,997.670364366243,920.32,928.331767999139,0
3310,"557",4613,63473,922.21,2390.79,2809.22,2976.83,977.232966552994,922.21,784.847910060444,0
1834,"557",1514,35224,675.58,2983.96,3013.93,3175.86,711.877017316262,675.58,668.862149021377,0
3948,"556",2400,49941,887.56,1214.21,1227.34,1295.37,936.756397738198,887.56,878.064943373474,2
1770,"554",1582,19189,1176.62,1738.56,2078.4,2238.59,1267.30646930331,1176.62,984.230401847575,0
1464,"30",2057,61038,1749.58,2987.71,3233.97,3484.72,1885.2359229059,1749.58,1616.3531701902,0
3818,"553",1900,35478,668.53,1037.11,1095.07,1164.27,710.775953226734,668.53,633.145961719342,2
1965,"557",3660,30142,809.77,3629.54,4218.05,4496.93,863.308639323858,809.77,696.789418285701,0
1046,"554",1842,34637,840.64,1642.35,1549.34,1656.22,898.630888507364,840.64,891.105311939277,0
1155,"554",2463,46685,1929.46,2586.31,3075.92,3285.48,2060.91258576296,1929.46,1622.33793226092,0
785,"556",6453,37082,913.14,1404.48,1539.7,1758.03,1042.62357225434,913.14,832.945942196532,0
217,"556",3226,29347,1230.82,2384.75,3261.53,3540.19,1335.97932743222,1230.82,899.945116249122,0
3310,"30",1335,17930,451.89,1001.59,833.11,914.14,495.84175511037,451.89,543.275804035482,0
858,"558",3858,76027,1417.43,2239.73,2858.92,3088.15,1531.08042704938,1417.43,1110.44047888713,0
848,"558",1816,72446,672.97,1566.7,1343.5,1461.23,731.941907778191,672.97,784.77268254559,0
3927,"555",1781,47365,1073.79,1452.79,1616.42,1865.06,1238.96188948417,1073.79,965.090368901647,2
1302,"554",1721,34165,909.88,1832.61,1956.46,2124.72,988.131744886172,909.88,852.281767477996,0
3310,"560",2089,26579,429.39,599.99,824.88,894.72,465.745103287751,429.39,312.323860561536,0
508,"553",3213,27677,1172.99,2161.06,2401.95,2595.21,1267.3683373509,1172.99,1055.35159741044,0
3310,"554",1749,37751,1709.4,2674.69,3555.94,3751.56,1803.43781503625,1709.4,1285.76834423528,0
1595,"554",1618,33277,1127.85,2017.01,2108.34,2276.08,1217.58199721108,1127.85,1078.99329733345,0
3310,"553",1618,33277,1090.55,1681.24,1877.75,1998.16,1160.48110131807,1090.55,976.421931567035,0
2400,"553",2882,26463,852.69,1876.25,2190.61,2511.93,977.76308503111,852.69,730.326079265593,0
3310,"556",1105,15554,743.13,2586.17,2872.22,3054.28,790.234416722953,743.13,669.12023177194,0
2798,"554",4293,110412,1696.69,2786.78,3242.36,3378.51,1767.93574183619,1696.69,1458.29018313821,0
3310,"560",3572,63594,1525.7,2699.19,3435.56,3593.8,1595.97290106999,1525.7,1198.68498381632,0
2249,"554",2087,37854,893.7,1529.79,1652.46,1729.2,935.2032969028,893.7,827.356379579536,0
1159,"552",3572,60107,776.68,1434.11,1914.45,2009.88,815.395334639191,776.68,581.809164407532,0
2868,"552",1335,32144,1255.35,1554.43,1595.39,1693.15,1332.27352089458,1255.35,1223.12017782486,0
1375,"553",2035,38443,941.05,1424.66,1660.67,1846.49,1046.34841028019,941.05,807.310478903093,0
4101,"559",1242,47609,1223.35,1430.61,1679.63,1779.54,1296.11894226705,1223.35,1041.97754475688,3
3262,"554",2717,26171,1012.95,1975.69,2070.58,2224.98,1088.4841401926,1012.95,966.528791691217,0
3310,"554",5298,132389,1590.24,2872.14,3613.63,3865.44,1701.05331912786,1590.24,1263.9345792458,0
846,"554",3240,70637,808.06,1441.47,1433.74,1559.79,879.102143624367,808.06,812.416650299217,0
2797,"553",1833,45457,1679.93,1889.78,2202.48,2343.51,1787.49988844394,1679.93,1441.41972476481,0
209,"556",1645,63589,1489.92,2222.54,2543.14,2729.42,1599.05370777857,1489.92,1302.09378830894,0
2213,"555",1749,33274,593.92,1067.76,1015.55,1083.01,633.372359017281,593.92,624.453763182512,0
1953,"552",1618,33277,949.15,1826.24,1604.87,1803.44,1066.58799528934,949.15,1080.07233981569,0
2549,"552",1747,20093,929.14,1403.38,1359.51,1475.23,1008.22737765813,929.14,959.122399393899,0
3310,"556",1214,25168,692.19,1323.24,1296.61,1464.01,781.555812387688,692.19,706.406317705401,0
2489,"559",3376,40237,943.36,1296.63,1504.71,1598.77,1002.32979590752,943.36,812.906724086369,0
669,"557",3980,70962,1392.65,2509.75,3136.45,3402.74,1510.88838049387,1392.65,1114.38197245293,0
2787,"553",2238,47485,934.56,1638.01,1888.04,2102.33,1040.63130272664,934.56,810.7977720811,0
1891,"551",3494,23142,1559.64,2214.04,2566.81,2917.02,1772.43390543126,1559.64,1345.29059244743,0
3310,"555",2555,45470,924.52,1414.81,1421.41,1501.24,976.443394094596,924.52,920.227197782484,0
1822,"553",3870,22945,1523.91,2150.07,2652.37,2883.22,1656.54406821069,1523.91,1235.31527415104,0
3310,"556",1561,33267,697.64,1512.51,1433.92,1517.67,738.386589767909,697.64,735.876113311761,0
2658,"558",2263,23521,813.4,1598.77,1582.57,1722.68,885.41291190911,813.4,821.726380507655,0
332,"560",1418,22551,969.82,1366.8,1451.47,1549.68,1035.44038636692,969.82,913.246554183001,0
276,"552",3593,70112,959.31,1524.84,1714.42,1872.09,1047.53482688023,959.31,853.229815564447,0
666,"554",1600,23473,567.2,1007.64,989.47,1070.36,613.569074352936,567.2,577.615701335058,0
501,"559",1669,28188,1575.01,2019.07,2451.38,2620.67,1683.77871105255,1575.01,1297.25111598365,0
3515,"552",4907,186935,2148.48,3446.43,3921.97,4035.06,2210.43141808836,2148.48,1887.9761768703,0
2983,"553",2901,22402,1140.27,2111.51,2395.86,2672.81,1272.07977874333,1140.27,1004.93831346573,0
3066,"560",4969,84969,2334.21,3466.16,4281.36,4480.78,2442.93436753742,2334.21,1889.76057458378,0
3120,"558",2692,31836,1164.69,1604.03,1792.75,1874.45,1217.76777046437,1164.69,1042.0848978943,0
1278,"554",3000,43132,2467.49,3686.71,4692.62,4965.98,2611.2291193832,2467.49,1938.55885579911,0
3771,"555",1743,22588,555.44,1042.58,870.74,957.15,610.560438247927,555.44,665.055740175024,2
1608,"557",1399,50927,949.96,1919.61,1849.79,1941.95,997.288785213457,949.96,985.816074040837,0
437,"556",6335,143987,2423.7,3753.33,4629.24,4836.2,2532.05665292791,2423.7,1965.1057022319,0
914,"552",2536,32908,893.33,1216.15,1311.94,1394.64,949.642324496547,893.33,828.10439463695,0
3857,"554",2076,39234,680.11,1361.25,1152.58,1261.54,744.404700237728,680.11,803.241195838901,2
4109,"556",1702,36820,675.92,1209.94,1060.62,1135.56,723.678334559032,675.92,771.0797880485,3
2669,"552",2031,36896,918.31,1501.96,1736.25,1873.16,990.722280547156,918.31,794.393023815695,0
1444,"554",2414,36299,983.27,1395.48,1593.04,1792.67,1106.48736434741,983.27,861.330299050871,0
1093,"552",2182,60099,2809.09,3618.38,4308.63,4518.48,2945.9055391621,2809.09,2359.06890918923,0
131,"31",2925,154275,3526.16,4460.16,6157.35,6522.47,3735.2550716136,3526.16,2554.22183010548,1
638,"560",4628,120655,1712.87,2210.75,2153.16,2244.31,1785.38114664029,1712.87,1758.68368003307,0
79,"558",2901,25013,962.89,1592.58,1573.12,1764.38,1079.95820929109,962.89,974.801258772376,1
2095,"552",1618,32435,1348.08,4587.71,5605.02,5813.02,1398.10669749617,1348.08,1103.40375177965,0
3604,"552",2238,41633,660.25,1306.56,1336.91,1455.46,718.797424658354,660.25,645.261266652205,0
2082,"556",3708,25037,1986.96,2726.04,3520.3,3799.85,2144.74617390563,1986.96,1538.65648904923,0
2654,"555",1721,31830,530.61,1199.82,1336.97,1426.35,566.082689589146,530.61,476.17859054429,0
2120,"559",1749,37661,1298.3,2367.9,2713.29,2957.07,1414.94789757085,1298.3,1133.03206439415,0
1773,"554",1728,22881,528.17,740.55,750.75,819.68,576.66385028305,528.17,520.994063936064,0
105,"553",4248,105625,1122.79,2311.91,2978.29,3083.08,1162.29493877359,1122.79,871.570407482146,1
3980,"554",1520,31817,552.98,1159.3,1045.14,1101,582.535334979046,552.98,613.381665614176,2
382,"554",2463,44583,2431.04,2725.32,3664.76,3909.22,2593.20397210186,2431.04,1807.85697639136,0
3310,"554",2113,43841,1538.2,2171.5,2782.78,3021.7,1670.2646058977,1538.2,1200.31094804476,0
1221,"557",5073,26220,1255.72,1771.38,2562.24,2875.63,1409.30830195454,1255.72,868.12995410266,0
3399,"559",5073,28398,834.08,1202.57,1203.91,1312.79,909.51307257187,834.08,833.151635587378,0
3513,"553",1460,15354,623.79,1185.27,1221.25,1371.31,700.437637584442,623.79,605.412137809621,0
1234,"554",1460,22426,1426.38,2443.24,2917.27,3225.85,1577.25816362558,1426.38,1194.60614588297,0
3585,"559",1869,21092,696.02,1174.43,1290.95,1392.12,750.566143072931,696.02,633.197853208877,0
1644,"554",5302,55400,918.36,1849.57,2331.3,2654.46,1045.66116999099,918.36,728.593962681766,0
1686,"552",1168,15354,881.5,1394.14,1370.05,1619.36,1041.90784277946,881.5,896.999678843838,0
3301,"553",1623,16977,1826.77,2788.85,3517.46,3824.26,1986.1045868894,1826.77,1448.37112987781,0
2953,"557",8087,90073,2209.16,3807.41,6035.52,6352.24,2325.08789936907,2209.16,1393.61279154075,0
3216,"555",4526,27101,775.85,1343.35,1476.04,1610.41,846.478820695916,775.85,706.104236673803,0
2033,"559",1508,37621,849.26,1691.72,1819.3,1962.88,916.283993184192,849.26,789.704901445611,0
3847,"554",1570,22434,807.05,1543.24,1526.51,1648.06,871.312223961848,807.05,815.894977432182,2
4111,"560",895,54824,757.83,1992.76,1722.32,1760.05,774.431401539784,757.83,876.825044591017,3
394,"556",1852,31042,1534.28,2019.04,2329.48,2512.57,1654.86971324072,1534.28,1329.81295877191,0
1783,"556",7110,109810,3002.33,3872.07,6318.91,6551.71,3112.94123263348,3002.33,1839.75272999615,0
3310,"559",1749,71849,767.4,1974.39,1686.7,1769.9,805.253607636213,767.4,898.290677654592,0
3310,"558",2328,43320,1434.91,1936.5,2366.63,2597.64,1574.9735329984,1434.91,1174.11814056274,0
3944,"558",1829,28068,733.42,1057.78,1017.99,1122.16,808.470208155286,733.42,762.087061366025,2
3310,"555",4680,32001,733.19,2036.99,2084.29,2212.18,778.177822759789,733.19,716.551294733458,0
1719,"553",3494,34272,420.03,965.76,671.16,709.73,444.168144555695,420.03,604.398612551404,0
4116,"558",809,31963,720.57,1144.28,1039.55,1227.6,850.917927949594,720.57,793.164195661584,3
3584,"556",1688,43993,1843.77,3079.38,3297.9,3589.21,2006.6338341672,1843.77,1721.60115910125,0
3310,"559",1508,36460,1318.91,2182.83,3013.66,3253.38,1423.82200241567,1318.91,955.302295315331,0
3310,"552",2238,43874,1008.87,1767.58,2255.74,2560.07,1144.98028181439,1008.87,790.542542402937,0
1163,"560",2057,83571,2507.19,3459.16,3479.86,3581.51,2580.42738986626,2507.19,2492.27594225055,0
2568,"553",2352,37308,1581.71,2488.64,3127.06,3403.43,1721.50175094178,1581.71,1258.78837451152,0
3946,"555",950,31934,889.73,1278.84,1239.25,1375.98,987.896457857575,889.73,918.153974742788,2
335,"553",1935,23519,678.57,1472.99,1659.89,1805.09,737.928369530511,678.57,602.164495418371,0
1968,"556",2536,37344,1400.59,1953.17,2306.22,2465.45,1497.29193897373,1400.59,1186.17927617487,0
627,"553",1790,48078,920.82,1507.26,1557.53,1656.16,979.130579314684,920.82,891.100109275584,0
3595,"554",3226,27672,1124.56,2657.85,3279.05,3499.1,1200.02680532471,1124.56,911.517602964273,0
4130,"553",3669,63454,1069.54,2217.97,3138.93,3360.09,1144.89671913678,1069.54,755.737666593393,3
1245,"552",2652,39448,1028.4,1752.27,2060.03,2197.61,1097.08214152221,1028.4,874.761274350373,0
1600,"556",3457,24574,522.66,945.62,887.09,957.71,564.268235015613,522.66,557.14499002356,0
2717,"560",3145,55765,716.62,1549.98,1666.32,1848.4,794.925589322579,716.62,666.586650583321,0
3006,"555",5439,91145,979.9,1424.66,1824.93,1909.19,1025.14358413747,979.9,764.97418202342,0
2956,"556",1765,20081,1377.77,2052.38,2590.84,2891.45,1537.62990632382,1377.77,1091.42501760047,0
3821,"555",1855,22852,600.13,1165.43,930.09,1044.17,673.73882323216,600.13,751.980459847972,2
3059,"552",1691,14022,592.3,870.33,1080.22,1211.33,664.189478995019,592.3,477.214325785488,0
849,"559",1508,36460,2156.46,2948.02,3634.67,3885.65,2305.36714447254,2156.46,1749.06861123568,0
662,"556",2536,30412,1903.57,3044.24,3504.66,3923.2,2130.90166349946,1903.57,1653.49104814732,0
3310,"553",2029,20700,524.63,920.55,978.37,1040.53,557.961971340086,524.63,493.625260893118,0
3731,"559",1623,10993,668.44,1358.49,1280.67,1452.85,758.308583788173,668.44,709.057802244138,0
1194,"560",1582,19189,630.15,1081.29,1106.31,1217.26,693.346701195867,630.15,615.898702443257,0
3310,"556",1704,37899,1569.65,2508.29,3259.61,3521.54,1695.78117044677,1569.65,1207.85535646903,0
1130,"553",2031,43190,1098.11,1861.3,2065.06,2153.68,1145.23430060144,1098.11,989.75920457517,0
3215,"560",1514,35224,612.18,1558.05,1528.55,1685.39,674.993981354879,612.18,623.994667495339,0
3126,"553",3536,44831,1618.71,2879.79,3768.61,4067.66,1747.15927586033,1618.71,1236.94011078355,0
2375,"559",2551,28785,981.55,3485.03,3693.82,3971.66,1055.37976214326,981.55,926.06873006806,0
2573,"557",1904,27746,674.34,1139,1174.61,1284.76,737.576777313321,674.34,653.89640816952,0
449,"552",4870,121274,1449.73,3390.05,3751.05,3880.66,1499.82250884419,1449.73,1310.20839138375,0
3549,"553",4788,24434,1907.45,2401.31,3226.54,3521.84,2082.02399722303,1907.45,1419.59459963304,0
3902,"557",1399,50927,624.16,1254.39,1154.9,1189.79,643.016128149623,624.16,677.928879037146,2
2502,"560",4215,83068,1917.64,3993.25,5063.86,5540.46,2098.12429932897,1917.64,1512.20924946582,0
3627,"553",1623,16076,822.89,1503.88,1619.26,1733.57,880.98107610884,822.89,764.255161740548,0
2280,"556",4059,18608,974.02,1739.7,2944.01,3440.58,1138.30922163987,974.02,575.57637168352,0
149,"553",1789,12543,927.29,1420.82,1513.74,1765.33,1081.40952587631,927.29,870.368872990078,1
667,"555",3852,54817,1115.94,2550.94,2746.6,2917.02,1185.18142386951,1115.94,1036.44359702905,0
1706,"553",1523,32172,891.13,1629.8,1958.7,2105.93,958.113749374585,891.13,741.493681523459,0
3310,"554",3566,83182,2311.74,2553.42,4559.4,4720.67,2393.50828306356,2311.74,1294.65349624951,0
3310,"554",2321,70037,1532.72,1711.83,2041.38,2117.42,1589.81276509028,1532.72,1285.28548217382,0
3310,"554",2501,20308,1361.76,2172.96,3502.86,3683.32,1431.91501892739,1361.76,844.752576351895,0
1175,"559",1606,30953,1022.68,2890.98,3253.69,3376.1,1061.15516475141,1022.68,908.675204583104,0
1752,"553",1846,31534,1401.35,2851.34,2929.13,3102.4,1484.24557462455,1401.35,1364.13382437789,0
1031,"560",950,41481,1061.29,1535.07,1658.19,1705.84,1091.78739082976,1061.29,982.489606317732,0
3310,"554",2035,27210,673.07,1295.73,1493.99,1708.92,769.899921953962,673.07,583.750219947925,0
3310,"560",2296,30076,1097.21,1406.48,1506.59,1609.69,1172.29502711421,1097.21,1024.30251149948,0
1169,"554",1728,31989,957.22,1554.17,1713.58,1795.49,1002.97560534087,957.22,868.172251893696,0
3046,"555",2417,27806,744.1,1196.44,1107.68,1257.29,844.602673154702,744.1,803.725808897877,0
3310,"553",2029,26982,942.47,2034.97,1809.24,2284.25,1189.91239277266,942.47,1060.05735883575,0
1370,"556",3498,42027,1362.6,2004.46,2138.74,2278.78,1451.82005666888,1362.6,1277.04966288562,0
70,"553",4088,69061,966.77,1997.61,2173.97,2290.25,1018.48001237368,966.77,888.342258494827,1
3219,"553",7967,71221,1703.18,3241.63,4201.63,4369.35,1771.16726913127,1703.18,1314.03274048405,0
3973,"552",3870,82477,1574.46,2411.58,3246.29,3505.85,1700.34734758755,1574.46,1169.62324585912,2
1389,"556",3498,42027,1286.47,1914.36,2032.49,2184.16,1382.46993352981,1286.47,1211.69929947995,0
876,"553",2462,46701,604.31,1339.25,1077.48,1154.62,647.574351449679,604.31,751.125002320229,0
3310,"553",1623,14224,558.06,1004.9,1052.56,1192.07,632.027232841833,558.06,532.790999087938,0
2609,"552",3536,131047,1171.23,2239.02,2368.08,2473.32,1223.28070994223,1171.23,1107.3981430526,0
4086,"552",1275,33192,666.43,1266.7,1100.39,1138.54,689.5348123847,666.43,767.15244685975,3
3310,"554",1600,23074,762.33,3674.74,4197.8,4448.7,807.894009004717,762.33,667.341117775978,0
1168,"556",3502,112589,2542.36,3597.46,4887.45,5031.19,2617.13085727731,2542.36,1871.33134980409,0
3765,"554",1014,24551,617.61,1159.1,1113.62,1222.02,677.728284513568,617.61,642.83305885311,2
3542,"558",3981,102194,2039,3434.03,4152.97,4434.75,2177.34663385481,2039,1686.01920312451,0
3310,"556",3338,20376,866.25,1500.09,1400.57,1526.61,944.205510970533,866.25,927.802939160485,0
453,"553",1529,21930,995.56,3472.18,4738.75,4988.76,1048.08439052493,995.56,729.467374476391,0
796,"557",4969,84969,879.09,1343.57,1465.85,1523.07,913.405605143773,879.09,805.757036054167,0
2272,"558",1907,18574,1054.19,1151.09,1316.95,1453.74,1163.68743733627,1054.19,921.42265621322,0
3310,"560",2296,38771,750.92,1136.55,1059.21,1096.92,777.654257795904,750.92,805.7496870309,0
47,"554",1440,12652,456.35,955.57,648.68,915.05,643.742781494728,456.35,672.248827619165,1
1421,"556",1848,75934,690.7,1804.53,1666.84,1756.24,727.74529528929,690.7,747.755556022174,0
1727,"555",1876,35232,1328.73,2805.45,2762.5,2943.43,1415.75520141176,1328.73,1349.38844470588,0
3018,"553",1846,52852,1096.06,1855.79,2273.5,2419.89,1166.63498280185,1096.06,894.680970925885,0
4152,"552",3548,53099,794.94,1670.2,1531.37,1671.27,867.562622880166,794.94,867.007181804528,3
3289,"554",4905,42229,810.34,1695.31,1653.97,1763.71,864.105613402903,810.34,830.593968088901,0
2217,"560",1876,33523,1289.71,1946.15,1949.04,2078.18,1375.16394111973,1289.71,1287.79764217256,0
810,"558",1574,47639,1740.94,1634.74,3595.02,3812.51,1846.26265205757,1740.94,791.646292816174,0
1898,"557",1548,40095,604.71,1177.43,1141.95,1192.6,631.531280704059,604.71,623.498135032182,0
2999,"558",1340,7419,547.99,895.43,1337.54,1826.22,748.202145580693,547.99,366.857578614471,0
2660,"554",1766,72559,1833.06,3128.46,3818.26,4284.97,2057.11688261145,1833.06,1501.90266969772,0
3377,"556",2901,62292,791.45,1280.85,1187.14,1222.17,814.804021850835,791.45,853.925175211011,0
882,"557",4257,26236,991.87,1835.44,1910.17,2102.03,1091.49473402891,991.87,953.065890889293,0
3779,"553",2087,45351,1453.12,2392.92,2423.11,2546.99,1527.40986121142,1453.12,1435.01529455947,2
3310,"559",1528,28583,502.78,1302.84,1366.05,1445.55,532.040283298561,502.78,479.515314373559,0
1739,"559",2634,37544,1488.47,2299.59,2383.03,2622.12,1637.80856992988,1488.47,1436.35234441027,0
2302,"559",2087,47959,715.26,1274.23,1332.46,1549.19,831.599927502514,715.26,684.00233387869,0
2226,"556",4058,9437,655.09,1089.75,1230.37,1455.83,775.132419272252,655.09,580.219224704764,0
3042,"552",2238,73591,1089.37,1647.49,1538.27,1623.42,1149.67141360099,1089.37,1166.71727414563,0
1660,"30",1749,35335,957.28,1523.3,1667,1810.53,1039.70255452909,957.28,874.759822435513,0
3310,"553",1904,22710,843.6,1413.3,1614.57,1828.73,955.496898864713,843.6,738.438023746261,0
2259,"557",3338,45420,994.55,2046.97,2511.18,2673.5,1058.83665249006,994.55,810.700154309926,0
1452,"554",6770,175320,2022.47,3253.08,3828.76,3992.06,2108.73013409041,2022.47,1718.37793635537,0
2789,"554",1740,33447,894.54,1490.04,1288.55,1353.12,939.365926661751,894.54,1034.4188286058,0
3414,"552",1623,15159,398.2,939.02,737.65,868.09,468.614435030163,398.2,506.904038500644,0
3371,"554",1876,33523,1082.31,1712.11,1817.43,1941.13,1155.97542150179,1082.31,1019.5901762929,0
1941,"552",2536,28398,1418.75,1981.35,2091.7,2247.2,1524.2219247502,1418.75,1343.90223860974,0
2735,"559",3173,75010,955.52,2332.18,2640.55,2822.49,1021.35753717975,955.52,843.931996591619,0
1645,"554",1582,14637,1208.26,2000.36,2274.44,2540.29,1349.48857538559,1208.26,1062.65936828406,0
964,"560",1606,29059,886.77,1270.18,1202.73,1271.04,937.134802324711,886.77,936.500726347559,0
2887,"556",1669,17025,600.83,1033.27,1188.34,1275.35,644.822643771985,600.83,522.425916909302,0
2170,"558",1749,55157,1365.19,1791.46,2152.52,2282.71,1447.76023679222,1365.19,1136.19537909055,0
3512,"553",1682,16489,1086.43,2259.5,2403.67,2713.01,1226.24796843993,1086.43,1021.26688979768,0
3310,"556",1669,28695,1372.03,1984.15,2199.73,2358.86,1471.28360562433,1372.03,1237.5670307265,0
1796,"557",2263,48214,948.43,1434.83,1574.2,1669.72,1005.97925269978,948.43,864.461832613391,0
3406,"560",4159,94424,1838.47,2511.05,3193.96,3304.23,1901.94233118135,1838.47,1445.3813114441,0
3577,"552",1749,38232,592.55,986.8,898.36,935.82,617.258271739614,592.55,650.884211229351,0
2591,"552",1450,91768,2183.63,2533.98,2750.91,2844.14,2257.63453846182,2183.63,2011.43430624775,0
1960,"553",6291,90594,925.95,2962.7,2918.73,3143.17,997.152275647285,925.95,939.899225005396,0
274,"554",4088,61565,1419.02,2918.91,3940.98,4117.4,1482.54316134565,1419.02,1051.00550325046,0
532,"556",3669,82880,1238.28,1911.21,2295.12,2472.41,1333.93280299069,1238.28,1031.15005699048,0
2746,"559",1876,38589,820.56,1281.38,1425.61,1533.75,882.803782240585,820.56,737.54334832107,0
3968,"559",1460,22426,611.56,919.5,914.49,1092.79,730.797113582434,611.56,614.910409080471,2
1251,"557",1350,40728,542.01,1130.42,1168.59,1224.37,567.881621184504,542.01,524.306167432547,0
132,"553",3338,17980,1026.61,1433.55,1932.32,2215.39,1177.00045949946,1026.61,761.621659714747,1
3310,"553",2209,45329,1953.08,3525.69,4039.36,4341.19,2099.01849926721,1953.08,1704.71426790383,0
2289,"556",2920,14846,1627.42,2190.76,2846.42,3165.66,1809.94315568328,1627.42,1252.55114817912,0
2492,"556",1482,33785,746.28,1062.59,1076.96,1150.14,796.9901195959,746.28,736.322300921111,0
2589,"553",3236,33277,1355.9,2545.49,2720.69,2999.17,1494.68502585741,1355.9,1268.58623768235,0
3147,"554",1666,32744,1757.26,2871.74,3589.31,3852.63,1886.17661717712,1757.26,1405.9509578164,0
3310,"554",2057,62616,1997.28,2885.39,3591.1,3866.37,2150.37828899223,1997.28,1604.78174910195,0
978,"554",2087,37017,931.72,1654.27,1643.09,1741.71,987.642820052462,931.72,938.059658570133,0
3673,"554",2070,22345,721.1,1198.09,1252.69,1401.12,806.542426298605,721.1,689.669989382848,0
236,"555",2417,23330,729.02,1253.23,1155.64,1237.38,780.584583088159,729.02,790.583343082621,0
2540,"553",3440,99366,687.58,3011.02,2914.32,3017.24,711.86207389717,687.58,710.394579730435,0
3600,"554",2880,48281,1490.23,2090.24,2346.48,2496.58,1585.55726594729,1490.23,1327.49409975794,0
292,"552",2070,20271,743.95,1244.84,1138.27,1254.03,819.608369279696,743.95,813.60197316981,0
2098,"555",1691,17533,645.56,1242.6,1128.92,1253.72,716.925453707969,645.56,710.566608794246,0
4085,"553",1773,24299,709.69,1195.33,1594.31,1696.48,755.169879885342,709.69,532.088331441188,3
3338,"560",2029,24339,1058.89,1963.67,2586.79,2918.38,1194.62476590678,1058.89,803.818835815818,0
1181,"553",2296,30939,1416.38,2218.93,2895.97,3130.92,1531.29088685311,1416.38,1085.24883662469,0
2114,"554",10142,102657,934.29,2052.72,2839.96,3176.39,1044.96873656671,934.29,675.303796109804,0
3310,"554",1623,18675,670.21,1505.09,1459.73,1631.83,749.226764059107,670.21,691.036266227316,0
3516,"558",8234,179854,2946.62,5053.1,5116.71,5235.92,3015.27086553664,2946.62,2909.98816075173,0
439,"559",1935,28586,1444.13,2288.32,2662.57,2876.34,1560.07499678882,1444.13,1241.14354236696,0
3310,"554",3017,34677,1104.81,1575.01,1577.67,1745.42,1222.28189050942,1104.81,1102.94725646048,0
1950,"553",1876,37154,1116.08,4093.17,4964.95,5394.24,1212.58086772274,1116.08,920.111012920573,0
4070,"552",2901,52189,838.78,1208.26,1247.57,1394.33,937.451299245734,838.78,812.350667938472,3
3310,"30",1728,31480,1014.29,1455.36,1716.05,1871.21,1105.99900405,1014.29,860.206342705632,0
3310,"556",1610,35246,849.01,1295.96,1357.61,1431.05,894.93725038855,849.01,810.455874367455,0
2571,"558",2901,43464,1210.8,1526.08,1704.5,1807.64,1284.06600880023,1210.8,1084.0584711059,0
3486,"560",2238,43874,992.67,1209.98,1673.81,1885.97,1118.49364019811,992.67,717.590913305572,0
1722,"554",1606,26212,906.06,1373.8,1447.1,1530.17,958.071888743003,906.06,860.165315458503,0
3677,"553",3531,30320,693.15,1066.78,1061.5,1174.84,767.160005652379,693.15,696.597792746114,0
1199,"554",2263,24220,955.84,1653.8,1871.94,2019.36,1031.11481265425,955.84,844.454518841416,0
4092,"553",2076,35084,551.66,1139.89,992.39,1089.99,605.914895756709,551.66,633.653822992977,3
3958,"552",1477,52852,1260.1,1283.45,1294.23,1324.34,1289.41597243148,1260.1,1249.60427821948,2
3453,"553",2237,40988,1385.28,2605.67,3224.21,3422.83,1470.61697048269,1385.28,1119.52463940004,0
3827,"553",994,23642,644.96,1127.58,1435.63,1599.78,718.704755960798,644.96,506.567846032752,2
761,"556",3674,81876,1521.91,2688.72,3666.65,3993.45,1657.55430420138,1521.91,1116.00230597412,0
3774,"556",1790,46599,874.95,1300.13,1392.69,1453.94,913.429982982573,874.95,816.799677961355,2
1490,"554",1810,40192,745.77,1598.12,1709.09,1797.29,784.256512705592,745.77,697.347683504087,0
1395,"554",1672,19622,826.14,1988.32,2152.6,2354.97,903.806984948434,826.14,763.091463718294,0
4075,"554",1645,73186,1165.05,1612.93,1348.45,1430.61,1236.03558196448,1165.05,1393.55860172791,3
391,"558",1747,20093,1116.03,2041.61,2002.46,2333.83,1300.71227135623,1116.03,1137.84944932733,0
924,"555",1900,37344,919.93,1400.46,1539.81,1603.21,957.807116007819,919.93,836.678010793539,0
101,"559",1829,27917,1085.15,1324.04,1485.26,1655.46,1209.50030230397,1085.15,967.360600837564,1
3310,"553",1939,38492,1066.4,1854.17,2083.63,2247.32,1150.17639792094,1066.4,948.962573969467,0
1530,"552",1514,34933,1075.76,1834.35,1936.46,2092.66,1162.53365501998,1075.76,1019.03491732336,0
2599,"558",1582,16087,1743.77,2352.49,2727.98,3077.16,1966.97163952815,1743.77,1503.75057269481,0
4067,"30",1226,19925,409.78,855.7,695.45,759,447.225566180171,409.78,504.204106693508,3
4068,"556",1833,36560,1013.17,1517.76,1523.75,1624.67,1080.27360387203,1013.17,1009.18713647252,3
2173,"554",3438,23782,1314.17,2034.61,2361.89,2632.89,1464.95605269509,1314.17,1132.069412081,0
2967,"553",1482,33169,477.24,1070.56,990.65,1050.09,505.874881744309,477.24,515.736187755514,0
3310,"558",2862,16554,624.23,1096.71,1246.41,1407.74,705.02767163293,624.23,549.256892435073,0
553,"556",2536,33921,2897.81,3842.53,5320.61,5628.32,3065.4007678067,2897.81,2092.79046186434,0
1646,"556",1954,87964,1555.69,1903.76,2288.58,2384.37,1620.80441378497,1555.69,1294.10393973556,0
2154,"555",4093,44551,883.23,1098.87,1613.09,1821.88,997.550708515954,883.23,601.67439516704,0
1304,"557",1623,18675,878.2,1453.77,1659.56,1913.48,1012.56847357131,878.2,769.300786955579,0
1946,"553",1460,23725,674.45,1333.89,1408.15,1521.61,728.793001100735,674.45,638.882299826013,0
3637,"557",4193,22098,1328.68,2737.9,4007.18,4262.95,1413.48689252791,1328.68,907.818708418389,0
941,"552",2908,43546,717.84,1558.52,1619.42,1950.14,864.438192439268,717.84,690.844868409677,0
1190,"552",2634,40507,1491.64,1867.67,2063.26,2308.28,1668.77794325485,1491.64,1350.23762337272,0
2508,"560",3270,79332,793.3,1727.27,1758.9,1866.81,841.969624765478,793.3,779.03422081983,0
3310,"554",3366,53012,1099.86,2341.65,2558.89,2740.25,1177.81200637777,1099.86,1006.48608146501,0
3310,"552",1327,40496,1632.44,2685.56,3055.2,3226.9,1724.1819311338,1632.44,1434.93570515842,0
2614,"555",3701,75058,1779.29,2454.22,3296.72,3496.29,1887.00096887209,1779.29,1324.57991694775,0
631,"554",2199,19152,718.98,975.35,994.19,1144.14,827.421093754715,718.98,705.355257043422,0
1495,"555",2035,35388,621.69,1077.93,1016.76,1072.38,655.698416735513,621.69,659.091921102325,0
649,"553",3709,37603,777.22,1473.25,1722.48,1918.02,865.451851051972,777.22,664.762066903534,0
2076,"558",2121,40615,771.36,1262.19,1098.14,1232.13,865.477805015754,771.36,886.592673429617,0
2969,"560",2651,51818,795.79,1838.44,1807.02,1997.39,879.626671591903,795.79,809.626992285642,0
2353,"556",5073,30412,1279.62,1957.45,2367.91,2679.34,1447.91696086422,1279.62,1057.80716707983,0
3891,"559",1268,32908,1235.91,1823.77,1674.6,1799.21,1327.87628753135,1235.91,1346.00237710498,2
1617,"553",1876,33592,626.93,1296.06,1024.56,1100.26,673.250958265011,626.93,793.061310025767,0
1059,"557",1935,23088,1170.67,1833.9,1780.02,1966.97,1293.62185250728,1170.67,1206.10538814171,0
3310,"554",2462,44563,1001.23,1378.15,1458.22,1598.27,1097.38988088217,1001.23,946.253051322846,0
2948,"554",1743,19906,1219.15,2141.75,2806.37,3059.98,1329.32386570552,1219.15,930.424182306681,0
2743,"552",6521,149116,2403.74,3182.32,4001.56,4283.28,2572.96940873059,2403.74,1911.62193664471,0
1158,"554",1854,26251,616.56,961.83,1147.56,1183.45,635.842946774025,616.56,516.771153403744,0
1129,"553",2113,51718,854.9,1125.41,1265.79,1369.71,925.086372147039,854.9,760.088963414152,0
3776,"557",1482,35649,634.32,1033.54,1067.78,1129.07,670.729628200566,634.32,613.979558335987,2
549,"552",1846,36055,1257.88,1725.22,1915.57,2026.55,1330.75623130452,1257.88,1132.88458975657,0
1108,"554",3669,82027,1101.66,2285.24,2537.41,2654.48,1152.48794510938,1101.66,992.176076550498,0
4166,"558",2321,27235,562.29,882.63,797.47,843.95,595.062692640475,562.29,622.335664915295,3
3310,"30",2634,38254,1667.43,2067.38,2521.39,2726.57,1803.11836530644,1667.43,1367.1869220549,0
203,"552",3294,88021,1215.66,2127.56,2298.6,3810.36,2015.184128426,1215.66,1125.20211850692,0
144,"552",2224,45528,1600.21,1953.65,2174.17,2261.77,1664.68444128104,1600.21,1437.90516219983,1
1568,"554",3572,79814,978.83,1808.81,2351.83,2493.87,1037.94694858897,978.83,752.825456049119,0
181,"558",1765,26951,899.7,1312.02,1317.63,1475.12,1007.23682976253,899.7,895.869397327019,0
80,"556",2908,34813,1300.82,2447.1,2968.55,3173.63,1390.68615202708,1300.82,1072.32036583517,1
996,"553",1719,24957,1005.41,1692.55,1982.02,2284.08,1158.63456110433,1005.41,858.571909213832,0
420,"560",1790,60647,865.93,2965.5,3617.99,3774.58,903.408262433008,865.93,709.762994093405,0
1962,"556",1790,44177,589.08,1292.53,1076.87,1127.01,616.508075069414,589.08,707.052450527919,0
1811,"558",3675,53288,1204.57,1562.55,1888.23,2050.85,1308.31116151104,1204.57,996.806985113042,0
2281,"559",3833,37006,1151.93,2064.39,2453.28,2756.05,1294.09471258886,1151.93,969.327909044218,0
2811,"560",4216,113685,1389.69,2354.8,2347.68,2473.98,1464.45225337354,1389.69,1393.90462584339,0
3310,"552",5073,30412,3294.66,3785.25,5011.22,5303.95,3487.11729020079,3294.66,2488.63784966535,0
3710,"30",3380,77242,1271.09,2046.96,2489.21,2649.42,1352.89962188807,1271.09,1045.25949453843,0
61,"553",2195,13976,2340.77,3483.72,4578.53,4793.2,2450.51987515644,2340.77,1781.04921544688,1
974,"553",1350,32811,766.74,1513.64,1565.78,1616.13,791.395672572137,766.74,741.207790110999,0
1241,"554",2551,26803,1362.98,2141.69,2222.09,2501.32,1534.25339819719,1362.98,1313.66444932473,0
2310,"556",2238,41633,950.08,1477.79,1627.57,1744.59,1018.38941931837,950.08,862.647212224359,0
3142,"555",2029,33450,1107,1451.34,1526.74,1629.03,1181.16785438254,1107,1052.3293946579,0
3266,"557",3832,98561,1190.38,2328.49,3310.58,3559.04,1279.71836814093,1190.38,837.251456300709,0
2166,"557",1495,70967,1560.21,2071.3,2626.63,2759.5,1639.13436418529,1560.21,1230.34571789708,0
2184,"555",1606,27677,1120.14,1625.32,1820.07,1921.73,1182.70541363794,1120.14,1000.28347525095,0
3310,"553",2070,36289,730.73,1464.03,1479.32,1587.45,784.142267055134,730.73,723.177298961685,0
3310,"559",1645,63589,888.01,1417.77,1085.61,1119.26,915.53511168836,888.01,1159.71107276094,0
3310,"554",1854,69268,1744.72,2046.52,2611.91,2737.98,1828.93302816713,1744.72,1367.04724680406,0
3743,"560",3376,71055,1083,1544.78,1465.9,1536.77,1135.35842144757,1083,1141.27617163517,2
1336,"558",4834,27555,584.87,904.06,946.67,1062.92,656.691371227566,584.87,558.544764490266,0
2303,"556",2057,22383,2588.87,3275.82,3601.32,3895.83,2800.58351162907,2588.87,2354.87880093966,0
2974,"554",1207,33965,497.28,1059.68,925.73,996.72,535.414128957687,497.28,569.234734101736,0
1748,"559",1512,19450,473.88,1068.92,1008.07,1069,502.522364518337,473.88,502.484757606119,0
4028,"560",1323,17240,441.19,949.95,809.99,927.22,505.043508932209,441.19,517.424215731058,3
2737,"558",3017,46735,513.52,1017.99,914.51,953.45,535.385773802364,513.52,571.626581229292,0
625,"559",4088,131039,1979.37,2792.22,3421.08,3629.58,2100.00402346627,1979.37,1615.52389929496,0
4007,"560",1836,38836,584.35,1186.08,1044.04,1085.51,607.560791253209,584.35,663.849898471323,2
3310,"552",1266,16087,649.63,1032.98,1053.58,1164.69,718.139642646975,649.63,636.928185235103,0
2339,"554",1544,21290,609.25,1108.2,1037.67,1117.63,656.197131554348,609.25,650.660470091648,0
3227,"560",2536,37344,3112.44,3766.2,4783.68,5253.41,3418.06379615693,3112.44,2450.42969596629,0
3310,"555",1350,21562,1097.93,2193.38,2301.59,2385.67,1138.03877454282,1097.93,1046.31046511325,0
307,"553",1971,31943,734.5,1258.92,1366.21,1497.93,805.315130909597,734.5,676.818893142343,0
1327,"554",1935,31123,1132.06,1634.24,1851.55,2016.46,1232.88796284194,1132.06,999.194045205369,0
1856,"560",1514,41265,909.1,1444.54,1501.45,1559.79,944.423783009757,909.1,874.642055346498,0
2690,"558",4114,83593,1303.22,2594.17,2656.87,2763,1355.27777422305,1303.22,1272.46505376627,0
3016,"554",2114,11896,1408,1663.83,2607.2,2797.65,1510.85118134397,1408,898.539674746855,0
3062,"556",2318,61001,887.04,1374.09,1466.39,1503.26,909.343183191375,887.04,831.206427757963,0
3400,"556",2057,23190,978,1758.16,1830.89,1956.23,1044.95242204611,978,939.150074553905,0
2419,"554",2493,51009,1661.22,2942.58,3557.75,3867.72,1805.9542740215,1661.22,1373.97870777879,0
2732,"556",1514,35224,850.32,1280.82,1205.15,1274.17,899.01857395345,850.32,903.710627224827,0
2383,"553",1508,39583,1289.22,2003.27,2556.01,2872.68,1448.94445233,1289.22,1010.42474379991,0
1807,"553",7145,82890,1547.21,2396.72,3065.08,3265.07,1648.16218653347,1547.21,1209.83111409816,0
2434,"553",4058,22720,534.63,1031.17,1041.05,1187.65,609.916257144229,534.63,529.556137649489,0
3871,"560",2328,54652,1187.97,2469.65,2317.02,2507.71,1285.7395485149,1187.97,1266.22563055131,2
4107,"560",5209,162797,2123.13,2765.43,2767.54,2835.07,2174.93592472015,2123.13,2121.51130458819,3
3972,"558",1790,55120,616.94,1385.08,1326.55,1365.71,635.152182277336,616.94,644.160608495722,2
3125,"556",3633,72446,1616.52,2535.14,4618.57,4998.36,1749.44818573714,1616.52,887.310252480746,0
3684,"556",1669,23102,875.15,1578.76,1597.27,1686.78,924.192852179031,875.15,865.008304168988,0
919,"554",2479,29229,2148.32,3406.89,3986.32,4178.88,2252.09503542114,2148.32,1836.05177828172,0
860,"556",2901,70545,2335.83,3055.52,3851.82,3957.07,2399.6559595464,2335.83,1852.93582815396,0
2870,"554",3999,40671,906.22,1774.53,2057.03,2218.68,977.434548645377,906.22,781.76525213536,0
3310,"554",1702,29579,736.2,1251.21,1344.29,1421.04,778.232113606439,736.2,685.224766977364,0
902,"560",2345,75601,829.54,1483.71,1358.12,1404,857.563514269726,829.54,906.250400111919,0
230,"556",1790,47485,901.12,1280.96,1235.09,1269.22,926.021202017667,901.12,934.586690200714,0
4029,"553",1833,45457,543.73,1180.73,1292.34,1373.07,577.69576976647,543.73,496.771997229831,3
3019,"558",1259,48908,724.95,1257.12,1346.02,1396.9,752.353349133,724.95,677.069541314394,0
2192,"557",1666,39244,935.54,3319.13,4102,4316.19,984.390149341784,935.54,756.991438371526,0
3310,"554",2880,49378,1076.88,2274.62,2805.89,2972.9,1140.97721293422,1076.88,872.982471016326,0
2514,"556",6196,66173,1756.16,2416.58,3071.72,3373.27,1928.56179703879,1756.16,1381.60416079591,0
765,"557",1397,27093,850.35,1736.8,1812.77,1926.32,903.615026727053,850.35,814.713328221451,0
2509,"559",2479,21173,1174.79,3809.77,4278.85,4592.38,1260.87198667866,1174.79,1046.0006072426,0
4108,"552",730,20959,564.95,1093.33,845.89,918.39,613.371041743016,564.95,730.20934577782,3
4164,"558",1917,33444,871.74,1234.57,1170.13,1245.54,927.920008546059,871.74,919.747422764992,3
555,"557",4620,91047,2499.51,3921.48,5473.24,5804.22,2650.66138744144,2499.51,1790.8548638101,0
1642,"554",1728,29424,856.76,1691.92,1623.41,1734.98,915.641436728861,856.76,892.916379226443,0
2730,"554",2076,33324,836,1147.8,1358.93,1467.86,903.012634940725,836,706.114958092028,0
2908,"559",2397,35673,1064.71,1438.15,1457.31,1573.12,1149.32073148472,1064.71,1050.71171301919,0
986,"558",4113,121933,2814.64,4268.35,4788.18,4945.64,2907.19984829309,2814.64,2509.06788048904,0
3310,"554",1746,33804,635.77,1526.91,1546.97,1664.35,684.01054933192,635.77,627.525789575751,0
3477,"554",7181,143053,1575.6,4069.23,5227.24,5415.03,1632.20385289369,1575.6,1226.55144741776,0
3310,"559",3498,55157,434.97,988.59,937.67,937.66,434.965361161176,434.97,458.590967291265,0
2271,"554",2417,19936,1612.11,2715.07,2888.26,3069.55,1713.2987509781,1612.11,1515.44234165207,0
3310,"560",4508,70076,1737.46,2257.36,3158.79,3348.74,1841.94004679007,1737.46,1241.63768582274,0
3310,"554",1719,23782,928.14,1502.75,1767.62,2003.65,1052.07437741143,928.14,789.062346545072,0
1288,"556",3693,31997,754.93,1408.14,1518.33,1595.03,793.066064623633,754.93,700.142347315801,0
1306,"556",2397,35264,1931,3469.81,3859.24,4152.31,2077.63979695484,1931,1736.14574631275,0
3884,"553",1721,31754,865.45,1899.87,1230.19,1323.89,931.368813354035,865.45,1336.57605044749,2
167,"560",7607,126785,1738.88,3032.89,4051.22,4524.4,1941.98011265742,1738.88,1301.78853856369,0
566,"554",4343,45316,1789.52,3996.34,5367.84,5590.85,1863.8666376047,1789.52,1332.29201257862,0
3940,"554",1875,25051,488.68,902.74,933.62,1023.8,535.8824618153,488.68,472.516637604164,2
3310,"558",3669,82027,1208.7,2473.39,2621.09,2735.79,1261.59321999626,1208.7,1140.58902708415,0
3775,"556",1335,23140,641.23,1122.55,932.9,982.23,675.137038160575,641.23,771.586168399614,2
547,"558",2462,43902,713.31,1208.8,1223.72,1321.33,770.207157111104,713.31,704.613087961298,0
1470,"555",1697,49444,1126.17,1803.4,2265.62,2466.46,1226.00138513961,1126.17,896.414658239246,0
2428,"558",1830,27430,823.01,1141,1212.58,1278.78,867.941684507414,823.01,774.426767718419,0
2652,"559",2238,63648,1335.99,2620.01,3162.76,3490.87,1474.58783192528,1335.99,1106.72550553947,0
460,"556",3555,73026,1037.14,1637.4,1890.44,2141.45,1174.85001005057,1037.14,898.316284039695,0
1429,"553",1669,28895,499.05,1031.88,1000.11,1063.96,530.910837807841,499.05,514.903074661787,0
285,"553",1989,23701,578.99,1184.35,1209.69,1351.27,646.753976059982,578.99,566.861598012714,0
2401,"554",4281,105465,2412.12,3760.16,5041.44,5345.74,2557.71493240027,2412.12,1799.08064743407,0
2503,"558",2121,43705,1104.88,1985.83,2654.53,3004.48,1250.53770814419,1104.88,826.55078315182,0
1820,"557",1935,28907,554.05,982.27,892.44,958.96,595.347348841379,554.05,609.818804065259,0
1049,"559",2263,33249,715.27,1286.26,1227.82,1318.72,768.224051082406,715.27,749.314386636478,0
201,"557",3338,30987,575.51,1117.67,1161.59,1252.49,620.546423350752,575.51,553.749827133498,0
1274,"560",2263,29279,1044.65,1939.65,2008.87,2109.91,1097.19269116468,1044.65,1008.65430440994,0
1890,"552",1431,8612,422.29,1414.13,2108.79,2543.38,509.317637223242,422.29,283.182753000536,0
1760,"555",1460,24970,494.59,973.61,788.89,842.18,527.999855746682,494.59,610.399130296999,0
2679,"558",1789,12629,1273.96,1816.81,2122.68,2405.13,1443.476838148,1273.96,1090.3872781578,0
69,"560",2484,87788,1692.02,2054.22,2408.98,2474.11,1737.76602636801,1692.02,1442.84357877608,1
1943,"554",2321,91768,1475.07,2102.94,2493.75,2595.67,1535.35636968421,1475.07,1243.90324042105,0
3310,"554",3308,20703,1576.65,2622.58,3311.35,3620.48,1723.83764688118,1576.65,1248.70241955698,0
3310,"553",1842,48352,904.85,1271.72,1257.56,1350.77,971.917232179777,904.85,915.038520627246,0
1165,"558",1688,41577,948.9,1954.6,2058.49,2244.82,1034.79234681733,948.9,901.009934466526,0
3310,"560",3870,31123,944.74,1872.37,1937.46,2116.25,1031.92118805033,944.74,913.000956819754,0
2443,"554",2397,35264,1171.43,2312.23,2462.65,2718.19,1292.98491937547,1171.43,1099.87841914198,0
3897,"554",1606,26212,930.19,1623.35,1518.48,1639.45,1004.29376448817,930.19,994.431231560508,2
3294,"30",2057,17408,1276.66,3786.76,4888.36,5182.03,1353.35581254245,1276.66,988.962560367894,0
1884,"560",2935,28624,1106.68,2392.63,2597.45,2821.21,1202.01608608443,1106.68,1019.41356653641,0
3685,"555",1876,37661,1069.7,1645.9,1671.79,1785.01,1142.14416703055,1069.7,1053.13420345857,0
3310,"556",2555,37006,836.25,1890.73,1741.18,1906.31,915.55826364879,836.25,908.075536417832,0
3310,"552",2113,31419,675.53,1205.39,1184.33,1275.39,727.469714268827,675.53,687.542413600939,0
3310,"553",1645,69510,980.59,1703.87,1897.68,1972.57,1019.28798127187,980.59,880.442373477088,0
626,"555",1600,13486,376.13,952.04,915.55,1014.75,416.883750204795,376.13,391.120971219486,0
1583,"558",1645,49090,483.57,1114.2,930.01,961.51,499.948807754755,483.57,579.341828582488,0
3310,"560",1440,18254,420.9,911.11,800.71,858.48,451.267290279877,420.9,478.932695982316,0
3310,"556",1623,21990,997.05,1542.67,1675.88,1800.79,1071.36410094995,997.05,917.797887378571,0
2799,"553",1600,17828,1380.52,2353.6,2792.08,3097.17,1531.36913283287,1380.52,1163.71732615111,0
3969,"554",3555,106082,2038.13,3272.24,3350.05,3576.82,2176.09413190848,2038.13,1990.7913348159,2
3750,"552",1749,24093,864.53,1382.96,1119.21,1259.78,973.112823688137,864.53,1068.26280036812,2
2532,"554",4068,55608,1668.07,3093.11,4129.15,4402.67,1778.56501868423,1668.07,1249.53658687623,0
1308,"556",2901,43464,1596.84,2135.25,2407.63,2543.39,1686.88165856049,1596.84,1416.18629523639,0
157,"554",5240,122272,1447.95,3260.44,3311.72,3446.12,1506.71235913664,1447.95,1425.52936178179,0
808,"556",5878,95110,2210.32,3376.14,3908.56,4332.56,2450.09518062918,2210.32,1909.23249605993,0
2552,"560",2901,75299,2589.26,2924.66,3567.76,3750.47,2721.85964083907,2589.26,2122.53771318699,0
1812,"30",1654,22144,742.72,1356.96,1534.93,1647.4,797.141842298997,742.72,656.604099991531,0
336,"557",3240,84092,2035.92,3726.27,4075.09,4296.04,2146.30689305021,2035.92,1861.64909692792,0
3814,"553",2448,78108,1487.36,2026.1,1929.99,2038.33,1570.85296234695,1487.36,1561.42782915974,2
1077,"556",2901,39315,861.74,1392.14,1538.3,1615.38,904.919431320289,861.74,779.862655918871,0
3310,"554",3507,67285,1876.85,2389.72,3397.97,3689.4,2037.81975414733,1876.85,1319.94866994117,0
1917,"558",4348,26906,2043.87,2759.87,4131.15,4491.96,2222.37930968374,2043.87,1365.43468450674,0
672,"558",3925,26332,1290.47,1692.9,1957.72,2055.36,1354.83134421674,1290.47,1115.90864015283,0
349,"560",3852,54817,946.12,2029.1,2107.28,2398.65,1076.93839356896,946.12,911.018987509965,0
3568,"552",1716,21266,690.1,1338.74,1262.38,1387.36,758.422294396299,690.1,731.843402145154,0
3290,"554",1896,23550,1289.3,3863.77,4857.69,5158.14,1369.04370225354,1289.3,1025.4994989388,0
1535,"30",2652,31937,1076.48,1941.78,2072.15,2207.39,1146.73705436382,1076.48,1008.75290611201,0
792,"560",1904,16566,1137.83,3828.58,4049.69,4363.34,1225.95535761997,1137.83,1075.70534569313,0
3438,"554",1773,27907,779.09,1237.22,1232.59,1314.09,830.60415718122,779.09,782.016509788332,0
1651,"557",2858,55254,558.04,1313.91,1233.59,1290.44,583.757275593998,558.04,594.374416459277,0
3952,"553",4043,97999,2298.91,4112.58,3866.54,4119.71,2449.43606327621,2298.91,2445.196813637,2
3310,"554",2652,58814,829.36,1560.08,1667.46,1773,881.853405778849,829.36,775.951416405791,0
2671,"556",2070,36289,815.6,1420.25,1517.22,1620.44,871.087162046374,815.6,763.472601204835,0
1219,"554",1746,60099,858.15,1686.83,1856.78,1953.58,902.888159609647,858.15,779.604026594427,0
524,"552",2634,36717,1633.06,2103.94,2027.65,2180.26,1755.9713932878,1633.06,1694.50361571277,0
3310,"559",4876,195078,2005.18,2926.14,3316.32,3316.32,2005.18,2005.18,1769.26153242148,0
4034,"552",1904,36351,687.58,931.84,961.28,949.26,678.982388898136,687.58,666.522290279627,3
2151,"552",1618,33277,1127.16,1279.35,1878.12,2231.49,1339.23618746406,1127.16,767.806181713628,0
1079,"558",1399,50478,618.65,1034.71,961.42,1013.84,652.380973975994,618.65,665.810302989328,0
2825,"559",1688,50895,1255.24,1654.85,1718.83,1778.55,1298.85276728938,1255.24,1208.51620811831,0
851,"553",1223,17688,595.25,1201.32,1422.39,1659.05,694.288846589191,595.25,502.735346845802,0
1256,"552",864,24886,1001.09,1774.21,1439.37,1536.48,1068.63055586819,1001.09,1233.9731194203,0
3582,"554",2089,12112,569.24,1170.94,1070.64,1226.01,651.847429948442,569.24,622.567703056116,0
3310,"556",2044,35707,1099.99,1679.87,1826.98,1956.66,1178.06786795696,1099.99,1011.41785969195,0
3310,"552",4924,51624,1668.28,1811.82,2448.11,2746.32,1871.49708534339,1668.28,1234.67616634873,0
1755,"557",2536,31118,774.22,1204.51,1188.14,1275.73,831.295706398236,774.22,784.887077448785,0
1378,"553",1280,21101,526.52,1422.3,1343.78,1437.05,563.065059756805,526.52,557.285713435235,0
463,"553",2417,27856,874.36,4283.81,5591.9,5887.08,920.514899908797,874.36,669.824587635688,0
3057,"552",3240,73840,1548.03,2228.94,2652.97,2912.89,1699.69547590059,1548.03,1300.6049778927,0
632,"558",6617,264716,2610.11,3970.68,4490.09,4491.75,2611.07496564657,2610.11,2308.17457440719,0
3310,"554",1493,33614,1424.05,2145.85,2571.05,2736.65,1515.7723235643,1424.05,1188.54074891581,0
2704,"558",2901,39163,1314.49,1971.54,2254.18,2389.54,1393.42307828124,1314.49,1149.67288087021,0
13,"553",1817,43511,1879.19,2402.73,3251.87,3449.9,1993.6275376937,1879.19,1388.48914277016,1
1931,"560",1876,38589,976.16,1442.71,1467.81,1582.25,1052.2677730769,976.16,959.467365394704,0
2358,"556",1623,16120,1095.79,4886.69,5464.43,5728.59,1148.7623843841,1095.79,979.934967617848,0
1393,"552",1618,33653,903.47,1822.19,1986.38,2124.19,966.150454243397,903.47,828.79106681501,0
2993,"553",2031,34436,688.82,1163.09,1299.66,1402.47,743.309315821061,688.82,616.437878983734,0
3310,"556",1669,20376,1202.43,1892.22,2031.79,2156.77,1276.39418990152,1202.43,1119.8313283361,0
319,"552",5435,96351,2631.23,4590.32,5316.94,5565.48,2754.22666804591,2631.23,2271.64265415822,0
3602,"554",3798,41450,1100,1702.9,2284.96,2508.86,1207.7874448568,1100,819.791156081507,0
2844,"553",969,21797,929.69,1447.84,1477.37,1606.76,1011.11346812241,929.69,911.107149596919,0
3310,"552",2224,46164,1898.57,2436.42,2733.33,2912.62,2023.10476722533,1898.57,1692.33642458101,0
1030,"553",3498,52697,825.19,3591.85,3905.21,4154.66,877.9000067602,825.19,758.97549722038,0
3310,"556",3648,71896,2410.78,4221.89,5405.27,5665,2526.62100135608,2410.78,1882.9860440274,0
1501,"554",4420,44351,868.47,2010.89,2193.17,2335.64,924.886475193441,868.47,796.289224410328,0
1373,"554",3247,13638,1040.92,1680,2163.05,2395.86,1152.9546664201,1040.92,808.462864936086,0
3970,"557",1645,49090,1070.31,1353.96,1439.96,1500.43,1115.25683581488,1070.31,1006.38693269257,2
1978,"554",5255,60153,1231.12,2382.88,3155.57,3403.99,1328.03904486353,1231.12,929.661273747691,0
3830,"555",2195,19233,1182.2,1567.06,1472.72,1655.73,1329.10804905209,1182.2,1257.9297707643,2
417,"557",1876,33523,620.61,1288.71,1336.77,1451.51,673.879291949999,620.61,598.297622702484,0
4055,"554",1618,41916,597.1,1204.06,941.02,1030.14,653.64880023804,597.1,764.00525599881,3
3545,"553",3257,60645,1308.4,2731.49,3161.31,3412.53,1412.37469656566,1308.4,1130.50650394931,0
779,"555",1833,40997,803.84,1277.66,1608.2,1786.56,892.991164283049,803.84,638.623438875762,0
3720,"554",1600,20476,717.16,1400.37,1538.01,1762.72,821.940218334081,717.16,652.979726529736,0
1914,"553",3145,83437,1432.01,4563.33,5816.89,6132.6,1509.73192307229,1432.01,1123.40687090524,0
2018,"552",1935,29008,982.61,1377.87,1290.62,1382.88,1052.85189815747,982.61,1049.0375483876,0
1332,"554",3531,30320,867.39,1544.3,1857.13,2027.84,947.121708011825,867.39,721.279811860236,0
3310,"554",7077,159375,3422.3,4433.33,5299.06,5521,3565.63584862221,3422.3,2863.18427400331,0
1947,"554",1935,26879,1046.71,1950.55,2113.64,2325.95,1151.84947507617,1046.71,965.945094954675,0
3606,"556",1833,49954,793.28,1453.29,1434.2,1519.68,840.56041723609,793.28,803.838998187143,0
148,"553",3315,65304,2520.21,4623.28,5490.75,5863.84,2691.45530326458,2520.21,2122.04826094796,1
1777,"554",1773,23335,652.63,1195.9,1201.13,1292.62,702.340787924704,652.63,649.788296853796,0
802,"557",2768,50700,1901.51,4057.22,5385.06,5700.1,2012.75327498672,1901.51,1432.638522542,0
1089,"552",2328,44304,1365.34,2569.42,3617.16,3922.58,1480.62440621924,1365.34,969.858093863694,0
887,"556",1749,40176,963.45,1388.23,1454.71,1536.75,1017.784841996,963.45,919.420498587347,0
3759,"554",1833,50671,1059.39,1735.31,1581.1,1704.12,1141.81752374929,1059.39,1162.71586926823,2
3310,"556",2057,20370,925.89,1319.47,1561.63,1712.05,1015.07397687032,925.89,782.313402214353,0
794,"558",6192,82477,946.41,1848.33,2031.94,2240.23,1043.4245471323,946.41,860.890575164621,0
3310,"554",1493,31806,1186.65,2549.9,2886.02,3103.64,1276.12920423282,1186.65,1048.44693903715,0
3310,"558",2296,21220,2895.64,3548.42,3894.82,4170.82,3100.83475611196,2895.64,2638.10571189426,0
3310,"558",5303,212142,2120.75,3182.12,3606.41,3606.41,2120.75,2120.75,1871.24619496951,0
1497,"556",1852,40085,1164.71,1600.54,1962.03,2067.17,1227.12372935174,1164.71,950.120509574267,0
3310,"553",1721,52088,1060.27,1782.79,2014.02,2178.36,1146.78590937528,1060.27,938.540209779446,0
408,"554",2195,14189,974.85,2358.84,1969.71,2275.59,1126.23630458291,974.85,1167.43844220723,0
3310,"554",7704,48524,835.52,1579.54,1988.68,2150.94,903.691588792566,835.52,663.624746464992,0
998,"554",1749,20786,451.93,964.91,889.85,985.32,500.416550654605,451.93,490.050880822611,0
2517,"558",1746,47477,1061,1409.78,1515.06,1638.04,1147.12317663987,1061,987.272174039312,0
3607,"559",1854,27208,1044.18,1824.66,2076.13,2266.05,1139.6993873216,1044.18,917.704324295685,0
371,"559",1514,61321,964.17,1615.89,1673.37,1749.69,1008.14440757274,964.17,931.0509100199,0
3310,"556",1910,23624,911.14,1581.49,1842.83,2025.55,1001.48121476208,911.14,781.92714390367,0
365,"560",3587,73760,2383.27,3404.07,4071.33,4406.33,2579.3718757998,2383.27,1992.67018613082,0
2602,"560",6824,141196,2310.44,2485.98,2547.71,2651.45,2404.51862182116,2310.44,2254.45895773067,0
2332,"556",2614,34579,2090.06,4748.65,5963.15,6291.5,2205.14534935395,2090.06,1664.38265329566,0
2849,"555",3438,24957,720.55,1176.98,1669.24,1952.76,842.935238791306,720.55,508.059319810213,0
3458,"558",2901,29477,981.19,1472.63,1492.69,1743.6,1146.12068413401,981.19,968.003959093985,0
3713,"554",2901,70545,2509.09,3323.19,4249.47,4441.32,2622.36740082881,2509.09,1962.17005817196,0
3310,"553",2525,41954,1214.95,2061.84,1303.33,2567.69,2393.57259136213,1214.95,1922.02474277428,0
2769,"560",2029,25294,2768.42,3273.67,4037.36,4161.64,2853.63886519904,2768.42,2244.7573417778,0
2646,"554",5067,58638,1254.22,2746.06,3533.63,3778.81,1341.24372902653,1254.22,974.681382374499,0
280,"560",3781,19450,575.73,1084.38,973.13,1053.49,623.273147164305,575.73,641.548505749489,0
3310,"553",1773,27907,1838.82,3608.71,3906.66,4105.44,1932.38346331649,1838.82,1698.5783564989,0
1598,"554",1817,49074,1234.26,1853.47,2128.62,2281.4,1322.8480254813,1234.26,1074.7168974265,0
1710,"554",2518,28435,972.12,2175.24,2566.43,2744.76,1039.66836858983,972.12,823.943886566164,0
3118,"556",1618,45711,826.21,1538.59,1738.32,1818.33,864.238131816927,826.21,731.279881667357,0
377,"556",3548,53099,1861.76,3330.4,4369.29,4720.59,2011.4493747039,1861.76,1419.08765588917,0
3491,"557",1508,46735,857.42,1616.39,1597.47,1673.24,898.088502945282,857.42,867.575049171502,0
1552,"559",1207,36460,811.1,1137.66,1141.34,1325.71,942.123627490494,811.1,808.484786303818,0
4033,"554",1910,25131,517.73,1027.19,1058.19,1138.86,557.198601196382,517.73,502.562941154235,3
1669,"557",4934,124879,964.67,2432.19,2352.22,2481.44,1017.66447220073,964.67,997.46653259474,0
1208,"559",1669,28743,564.16,1019.71,951.49,1013.85,601.134658272814,564.16,604.609185172729,0
1035,"554",4203,88275,1104.32,2629.47,3025.62,3161.96,1154.08268956445,1104.32,959.729348166657,0
300,"558",1746,48239,991.43,1868.54,2095.4,2246.84,1063.0832209602,991.43,884.092112341319,0
